Source,Target
MEL1,YJL092W
YJL092W,YDR078C
YJL092W,YDR510W
YJL092W,YOR355W
Q0085,YCR106W
YCR106W,TORF1
YCR106W,TORF47
YCR106W,YBR134W
YCR106W,YDR222W
YCR106W,YEL072W
YCR106W,YGL247W
YCR106W,YGR081C
YCR106W,YGR140W
YCR106W,YHR130C
YCR106W,YJL006C
YCR106W,YJL077WB
YCR106W,YJL135W
YCR106W,YMR060C
YCR106W,YMR141C
YCR106W,YNL171C
YCR106W,YPL034W
YCR106W,YPL243W
YCR106W,YPL267W
YCR106W,YPR046W
TORF19,YDR361C
YDR361C,YER086W
YDR361C,YGL068W
YDR361C,YHR022C
YDR361C,YJR056C
YDR361C,YMR021C
YDR361C,YPL125W
YDR361C,YPL208W
TORF21,YKR048C
YKR048C,YCL024W
YKR048C,YDL090C
YKR048C,YDL133CA
YKR048C,YDL184C
YKR048C,YDR002W
YKR048C,YDR225W
YKR048C,YGL240W
YKR048C,YJL189W
YKR048C,YKR048C
YKR048C,YMR139W
YKR048C,YNL078W
YKR048C,YOL059W
YKR048C,YOR032C
YAL005C,YBR101C
YAL012W,YAL012W
YAL016W,YIL065C
YAL016W,YNL127W
YIL065C,YCL056C
YIL065C,YDL100C
YIL065C,YJL112W
YIL065C,YJR091C
YIL065C,YLR321C
YNL127W,YDR200C
YNL127W,YKR055W
YAL020C,YBL071WA
YAL021C,YJL112W
YAL021C,YMR124W
YAL021C,YMR181C
YAL021C,YNR052C
YJL112W,YAL032C
YJL112W,YGL115W
YJL112W,YHL004W
YJL112W,YIL152W
YJL112W,YJL058C
YJL112W,YJR003C
YJL112W,YJR046W
YJL112W,YKL189W
YJL112W,YLL001W
YJL112W,YLR291C
YMR124W,YBR188C
YMR124W,YER149C
YMR124W,YGR218W
YMR124W,YIL109C
YMR124W,YLR031W
YMR124W,YLR423C
YMR181C,YGL229C
YMR181C,YHR158C
YMR181C,YPR105C
YNR052C,YDR374C
YNR052C,YGR088W
YNR052C,YMR025W
YNR052C,YNL288W
YAL024C,YHR158C
YHR158C,YGR238C
YHR158C,YJR122W
YHR158C,YLR452C
YHR158C,YOR047C
YAL027W,YPL022W
YPL022W,YLR135W
YPL022W,YML095C
YAL028W,YDL239C
YDL239C,YBR072W
YDL239C,YDR148C
YDL239C,YDR176W
YDL239C,YDR273W
YDL239C,YDR520C
YDL239C,YGL153W
YDL239C,YGR268C
YDL239C,YHR184W
YDL239C,YKL103C
YDL239C,YKR034W
YDL239C,YLR072W
YDL239C,YLR098C
YDL239C,YLR423C
YDL239C,YML042W
YDL239C,YNR012W
YDL239C,YOL091W
YDL239C,YOR304CA
YDL239C,YOR324C
YDL239C,YOR380W
YDL239C,YPL049C
YDL239C,YPL070W
YDL239C,YPL124W
YDL239C,YPL255W
YAL032C,YDR416W
YAL032C,YDR448W
YAL032C,YDR532C
YAL032C,YLR345W
YAL032C,YLR423C
YAL032C,YNL229C
YAL032C,YPL151C
YDR416W,YBR188C
YDR416W,YGR129W
YDR416W,YGR195W
YDR416W,YHL004W
YDR416W,YHR184W
YDR416W,YJR050W
YDR416W,YKL098W
YDR448W,YAL036C
YDR448W,YCR083W
YDR448W,YDR045C
YDR448W,YDR171W
YDR448W,YDR176W
YDR448W,YER018C
YDR448W,YGR142W
YDR448W,YGR195W
YDR448W,YGR252W
YDR448W,YGR261C
YDR448W,YHL004W
YDR448W,YHR022C
YDR448W,YJL011C
YDR448W,YJL058C
YDR448W,YJR003C
YDR448W,YLR424W
YDR448W,YML041C
YDR448W,YMR314W
YDR448W,YPL077C
YDR448W,YPL122C
YDR448W,YPL135W
YDR448W,YPR173C
YDR532C,YFR008W
YDR532C,YIL144W
YDR532C,YLR031W
YLR345W,YBR221C
YLR345W,YBR244W
YLR345W,YGR158C
YLR345W,YIR015W
YLR345W,YIR037W
YLR345W,YJL155C
YLR345W,YLR257W
YLR345W,YLR321C
YLR345W,YLR345W
YLR423C,YAL036C
YLR423C,YBR102C
YLR423C,YBR123C
YLR423C,YBR182C
YLR423C,YBR217W
YLR423C,YBR270C
YLR423C,YCL032W
YLR423C,YCL063W
YLR423C,YDR022C
YLR423C,YDR052C
YLR423C,YDR085C
YLR423C,YDR138W
YLR423C,YDR159W
YLR423C,YDR176W
YLR423C,YDR240C
YLR423C,YDR259C
YLR423C,YDR311W
YLR423C,YDR357C
YLR423C,YDR374C
YLR423C,YDR473C
YLR423C,YER092W
YLR423C,YER127W
YLR423C,YGL086W
YLR423C,YGL127C
YLR423C,YGL237C
YLR423C,YGR113W
YLR423C,YGR119C
YLR423C,YGR120C
YLR423C,YGR261C
YLR423C,YHL004W
YLR423C,YHR114W
YLR423C,YHR167W
YLR423C,YHR197W
YLR423C,YIL079C
YLR423C,YIL084C
YLR423C,YIL092W
YLR423C,YIL105C
YLR423C,YIL144W
YLR423C,YIL152W
YLR423C,YIL153W
YLR423C,YIR017C
YLR423C,YJL025W
YLR423C,YJL036W
YLR423C,YJL048C
YLR423C,YJL058C
YLR423C,YJL061W
YLR423C,YJR003C
YLR423C,YJR101W
YLR423C,YKL002W
YLR423C,YKL050C
YLR423C,YKL074C
YLR423C,YKL189W
YLR423C,YKR037C
YLR423C,YKR083C
YLR423C,YLL049W
YLR423C,YLR089C
YLR423C,YLR132C
YLR423C,YLR291C
YLR423C,YLR423C
YLR423C,YLR424W
YLR423C,YLR439W
YLR423C,YML041C
YLR423C,YML043C
YLR423C,YML062C
YLR423C,YML064C
YLR423C,YMR059W
YLR423C,YMR213W
YLR423C,YNL182C
YLR423C,YNL288W
YLR423C,YOL034W
YLR423C,YOR117W
YLR423C,YOR158W
YLR423C,YOR226C
YLR423C,YOR353C
YLR423C,YPL077C
YLR423C,YPL159C
YLR423C,YPL173W
YLR423C,YPL268W
YNL229C,YBL101WA
YNL229C,YDR473C
YNL229C,YIL153W
YNL229C,YJL058C
YNL229C,YKR034W
YNL229C,YLR291C
YNL229C,YLR389C
YNL229C,YMR314W
YNL229C,YNL229C
YNL229C,YOL034W
YNL229C,YPL070W
YPL151C,YOR036W
YAL034WA,YGL172W
YAL034WA,YGR120C
YAL034WA,YJR112W
YAL034WA,YKL103C
YGL172W,YGR119C
YGL172W,YNL041C
YGL172W,YNL086W
YGR120C,YDR311W
YGR120C,YEL051W
YGR120C,YER157W
YGR120C,YFR002W
YGR120C,YGR082W
YGR120C,YGR120C
YGR120C,YHL004W
YGR120C,YIL144W
YGR120C,YLR291C
YGR120C,YMR025W
YGR120C,YNL086W
YGR120C,YNR025C
YGR120C,YOR158W
YGR120C,YOR353C
YGR120C,YPL077C
YGR120C,YPR105C
YGR120C,YPR185W
YGR120C,YPR191W
YKL103C,YBL037W
YKL103C,YCL033C
YKL103C,YDR311W
YKL103C,YGL156W
YKL103C,YHR113W
YKL103C,YIL109C
YKL103C,YKL103C
YKL103C,YLR291C
YKL103C,YLR385C
YKL103C,YML064C
YKL103C,YMR218C
YKL103C,YNL107W
YKL103C,YNL189W
YKL103C,YOL082W
YKL103C,YOL145C
YKL103C,YOR136W
YKL103C,YPR049C
YAL036C,YDR152W
YAL036C,YOR174W
YDR152W,YGR173W
YOR174W,YBR150C
YOR174W,YDR308C
YOR174W,YDR408C
YOR174W,YEL051W
YOR174W,YGL127C
YOR174W,YIL144W
YOR174W,YLR385C
YOR174W,YNL086W
YOR174W,YNR010W
YOR174W,YOL135C
YAL040C,YJL013C
YJL013C,YGL229C
YJL013C,YGR014W
YJL013C,YNL236W
YJL013C,YOR026W
YAL041W,YBR200W
YBR200W,YJL157C
YAL044WA,YDR098C
YAL044WA,YER174C
YAL044WA,YNL218W
YAL044WA,YNL249C
YDR098C,YAL046C
YDR098C,YGL071W
YDR098C,YGL220W
YER174C,YAL046C
YER174C,YGR262C
YNL218W,YJL030W
YNL218W,YMR102C
YNL218W,YNL218W
YNL249C,YNL249C
YNL249C,YPL125W
YAL046C,YKR034W
YKR034W,YBR188C
YKR034W,YCR086W
YKR034W,YDR063W
YKR034W,YDR520C
YKR034W,YFL017WA
YKR034W,YGR047C
YKR034W,YGR195W
YKR034W,YGR247W
YKR034W,YKR034W
YKR034W,YLR132C
YKR034W,YLR291C
YKR034W,YLR424W
YKR034W,YMR308C
YKR034W,YNL021W
YKR034W,YOL054W
YKR034W,YOL145C
YAL049C,YNL094W
YNL094W,YBR260C
YNL094W,YDR388W
YNL094W,YFR024CA
YNL094W,YHR114W
YNL094W,YNL025C
YNL094W,YOR043W
YAL054C,YDR216W
YAL054C,YLR049C
YAL054C,YNL189W
YLR049C,YPL161C
YNL189W,YBR072W
YNL189W,YBR080C
YNL189W,YBR137W
YNL189W,YBR176W
YNL189W,YBR252W
YNL189W,YCL028W
YNL189W,YCL040W
YNL189W,YCR076C
YNL189W,YDL236W
YNL189W,YDR100W
YNL189W,YDR174W
YNL189W,YDR201W
YNL189W,YDR256C
YNL189W,YDR318W
YNL189W,YDR383C
YNL189W,YDR453C
YNL189W,YDR480W
YNL189W,YDR487C
YNL189W,YDR510W
YNL189W,YDR533C
YNL189W,YEL066W
YNL189W,YER065C
YNL189W,YFL010C
YNL189W,YFL039C
YNL189W,YFL059W
YNL189W,YFL061W
YNL189W,YFR047C
YNL189W,YGL037C
YNL189W,YGL040C
YNL189W,YGL166W
YNL189W,YGL175C
YNL189W,YGL221C
YNL189W,YGL238W
YNL189W,YGR010W
YNL189W,YGR024C
YNL189W,YGR136W
YNL189W,YGR144W
YNL189W,YGR192C
YNL189W,YGR267C
YNL189W,YHL009C
YNL189W,YHL018W
YNL189W,YHR025W
YNL189W,YHR112C
YNL189W,YHR113W
YNL189W,YHR216W
YNL189W,YJL199C
YNL189W,YJL218W
YNL189W,YJR010W
YNL189W,YJR021C
YNL189W,YJR056C
YNL189W,YJR133W
YNL189W,YJR159W
YNL189W,YKL067W
YNL189W,YKL130C
YNL189W,YLR209C
YNL189W,YLR245C
YNL189W,YLR303W
YNL189W,YLR328W
YNL189W,YLR377C
YNL189W,YML028W
YNL189W,YML042W
YNL189W,YMR226C
YNL189W,YMR239C
YNL189W,YNL044W
YNL189W,YNL331C
YNL189W,YOL058W
YNL189W,YOL082W
YNL189W,YOR020C
YNL189W,YOR095C
YNL189W,YOR155C
YNL189W,YOR229W
YNL189W,YOR284W
YNL189W,YOR380W
YNL189W,YPL049C
YNL189W,YPL088W
YNL189W,YPL111W
YNL189W,YPL214C
YNL189W,YPR062W
YNL189W,YPR193C
YAL055W,YDL100C
YAL055W,YGR133W
YDL100C,YDL121C
YDL100C,YDR304C
YDL100C,YDR513W
YDL100C,YDR526C
YDL100C,YER017C
YDL100C,YER150W
YDL100C,YGL153W
YDL100C,YGR028W
YDL100C,YGR189C
YDL100C,YHL004W
YDL100C,YHR057C
YDL100C,YHR128W
YDL100C,YHR180W
YDL100C,YIL162W
YDL100C,YJL153C
YDL100C,YKL154W
YDL100C,YKR100C
YDL100C,YLR297W
YDL100C,YML101C
YDL100C,YNL149C
YDL100C,YNL199C
YDL100C,YNR067C
YDL100C,YOL018C
YDL100C,YOL111C
YDL100C,YOL126C
YDL100C,YOR164C
YDL100C,YPR075C
YAL060W,YER081W
YER081W,YBR042C
YER081W,YBR155W
YER081W,YBR276C
YER081W,YDL168W
YER081W,YDR005C
YER081W,YDR105C
YER081W,YDR192C
YER081W,YDR194C
YER081W,YER081W
YER081W,YIL074C
YER081W,YMR047C
YER081W,YNL054WB
YER081W,YOR318C
YER081W,YPL233W
YER081W,YPR126C
YER081W,YPR136C
YAL062W,YLR267W
YLR267W,YDL132W
YLR267W,YDR328C
YAR003W,YBR175W
YAR003W,YDR140W
YDR140W,YIL151C
YDR140W,YNR046W
YAR007C,YJL173C
YJL173C,YNL312W
YAR014C,YER133W
YER133W,YNL233W
YAR018C,YAR018C
YAR027W,YAR027W
YAR027W,YAR028W
YAR027W,YBR042C
YAR027W,YDR100W
YAR027W,YDR411C
YAR027W,YEL042W
YAR027W,YER087CA
YAR027W,YGL104C
YAR027W,YGL225W
YAR027W,YGR284C
YAR027W,YJL097W
YAR027W,YJL117W
YAR027W,YJR013W
YAR027W,YJR044C
YAR027W,YLR279W
YAR027W,YLR350W
YAR027W,YML055W
YAR027W,YMR071C
YAR027W,YNL219C
YAR027W,YNL263C
YAR027W,YNL315C
YAR027W,YOL129W
YAR027W,YPL020C
YAR027W,YPR113W
YAR027W,YPR159CA
YAR028W,YAR028W
YAR028W,YJL097W
YDR100W,YBL069W
YDR100W,YBR261C
YDR100W,YDL120W
YDR100W,YDL164C
YDR100W,YDR100W
YDR100W,YDR479C
YDR100W,YER101C
YDR100W,YGR177C
YDR100W,YGR223C
YDR100W,YHR105W
YDR100W,YJL104W
YDR100W,YKL003WA
YDR100W,YLR108C
YDR100W,YLR393W
YDR100W,YML029W
YDR100W,YML110C
YDR100W,YMR024W
YDR100W,YMR079W
YDR100W,YNL198C
YDR100W,YNL204C
YDR100W,YNL315C
YDR100W,YOR109W
YDR100W,YPL020C
YDR100W,YPL094C
YDR100W,YPL095C
YDR100W,YPL100W
YDR100W,YPL135W
YDR100W,YPL218W
YDR100W,YPR174C
YDR411C,YBR273C
YDR411C,YDR479C
YDR411C,YJL019W
YDR411C,YML029W
YEL042W,YDR479C
YEL042W,YIR038C
YEL042W,YPL094C
YER087CA,YDR479C
YER087CA,YIR033W
YER087CA,YIR038C
YER087CA,YLR404W
YGL104C,YDR479C
YGL104C,YIR038C
YGL225W,YHR114W
YGL225W,YIR033W
YGL225W,YIR038C
YGL225W,YPL094C
YGL225W,YPR071W
YGR284C,YDR479C
YJL097W,YDR479C
YJL097W,YIR038C
YJL097W,YML029W
YJL097W,YPL094C
YJL097W,YPR071W
YJL117W,YDR479C
YJL117W,YIR033W
YJL117W,YIR038C
YJR013W,YPL094C
YJR044C,YOL129W
YLR350W,YDR479C
YLR350W,YDR510W
YLR350W,YER019W
YML055W,YDR479C
YML055W,YIR033W
YML055W,YIR038C
YML055W,YPL094C
YMR071C,YDL120W
YMR071C,YDR479C
YMR071C,YER101C
YMR071C,YGR177C
YMR071C,YJL104W
YMR071C,YML110C
YMR071C,YNL315C
YMR071C,YPL020C
YNL219C,YIR033W
YNL219C,YIR038C
YNL219C,YML029W
YNL219C,YPL094C
YNL263C,YDR479C
YNL263C,YGR172C
YNL263C,YGR177C
YNL263C,YIR033W
YNL263C,YIR038C
YNL263C,YML110C
YNL263C,YNL044W
YNL263C,YPR028W
YNL315C,YER118C
YNL315C,YGL053W
YNL315C,YNL044W
YOL129W,YDL226C
YPL020C,YCR007C
YPL020C,YDR479C
YPL020C,YGL053W
YPL020C,YOL107W
YPR113W,YAR033W
YPR113W,YBR261C
YPR113W,YDL226C
YPR113W,YDR479C
YPR113W,YIR038C
YPR113W,YJL019W
YPR113W,YLR072W
YPR113W,YML029W
YPR113W,YMR079W
YPR159CA,YDR479C
YPR159CA,YIR033W
YPR159CA,YIR038C
YPR159CA,YPL094C
YAR031W,YBR217W
YAR031W,YCR030C
YBR217W,YHR171W
YBR217W,YMR159C
YBR217W,YPL149W
YCR030C,YBL047C
YAR033W,YAR033W
YAR033W,YGL051W
YGL051W,YGL051W
YGL051W,YML018C
YAR035W,YER024W
YAR066W,YDR074W
YDR074W,YER019CA
YBL001C,YBL001C
YBL006C,YDR489W
YDR489W,YBR107C
YDR489W,YDR013W
YDR489W,YFR043C
YDR489W,YJL072C
YDR489W,YML034W
YDR489W,YPL077C
YBL007C,YHR016C
YHR016C,YGR268C
YHR016C,YLR243W
YHR016C,YMR255W
YBL010C,YKR022C
YKR022C,YLR424W
YKR022C,YNL258C
YBL014C,YJL025W
YJL025W,YBR057C
YJL025W,YER125W
YJL025W,YGR233C
YJL025W,YMR111C
YJL025W,YOR284W
YJL025W,YOR380W
YBL016W,YDR480W
YBL016W,YPL049C
YDR480W,YCL066W
YDR480W,YDL189W
YDR480W,YDR480W
YDR480W,YGR040W
YDR480W,YHR039C
YDR480W,YHR084W
YDR480W,YHR121W
YDR480W,YJL058C
YDR480W,YJR003C
YDR480W,YKL189W
YDR480W,YLR291C
YDR480W,YPL049C
YPL049C,YBR261C
YPL049C,YCL066W
YPL049C,YDL057W
YPL049C,YDL189W
YPL049C,YDR212W
YPL049C,YDR296W
YPL049C,YER180C
YPL049C,YER188W
YPL049C,YGL181W
YPL049C,YGR040W
YPL049C,YGR268C
YPL049C,YHR084W
YPL049C,YHR121W
YPL049C,YIL105WA
YPL049C,YJR003C
YPL049C,YKL189W
YPL049C,YLR291C
YPL049C,YML064C
YPL049C,YNL135C
YPL049C,YPL031C
YPL049C,YPL049C
YPL049C,YPL070W
YPL049C,YPR017C
YPL049C,YPR082C
YBL020W,YDR479C
YBL020W,YIR038C
YDR479C,YBL091CA
YDR479C,YBR241C
YDR479C,YCR021C
YDR479C,YDR284C
YDR479C,YDR476C
YDR479C,YGL053W
YDR479C,YGL065C
YDR479C,YGR149W
YDR479C,YHL031C
YDR479C,YJL134W
YDR479C,YJL183W
YDR479C,YLL014W
YDR479C,YLR036C
YDR479C,YLR268W
YDR479C,YLR324W
YDR479C,YML125C
YDR479C,YMR024W
YDR479C,YNR075W
YDR479C,YOL003C
YDR479C,YOL065C
YDR479C,YOR377W
YIR038C,YBL091CA
YIR038C,YBR029C
YIR038C,YBR126WA
YIR038C,YBR205W
YIR038C,YBR241C
YIR038C,YBR243C
YIR038C,YCR068W
YIR038C,YDL015C
YIR038C,YDR284C
YIR038C,YDR476C
YIR038C,YGL054C
YIR038C,YGR038W
YIR038C,YGR121C
YIR038C,YHR026W
YIR038C,YHR096C
YIR038C,YHR123W
YIR038C,YHR140W
YIR038C,YHR211W
YIR038C,YIL039W
YIR038C,YIL124W
YIR038C,YIR038C
YIR038C,YJL183W
YIR038C,YJR010CA
YIR038C,YJR073C
YIR038C,YJR075W
YIR038C,YJR118C
YIR038C,YKL008C
YIR038C,YLL014W
YIR038C,YLR268W
YIR038C,YML038C
YIR038C,YML125C
YIR038C,YNL111C
YIR038C,YNL217W
YIR038C,YNR030W
YIR038C,YOL003C
YIR038C,YOL018C
YIR038C,YOL126C
YIR038C,YOR321W
YIR038C,YPL053C
YBL021C,YGL237C
YBL021C,YOR358W
YGL237C,YGR146C
YGL237C,YLR114C
YGL237C,YOR047C
YGL237C,YOR358W
YOR358W,YOR047C
YBL023C,YDR122W
YBL023C,YDR473C
YBL023C,YLR096W
YBL023C,YLR291C
YBL023C,YMR314W
YBL023C,YPL144W
YBL023C,YPR019W
YDR122W,YOL082W
YDR473C,YBR233W
YDR473C,YPL004C
YDR473C,YPR178W
YLR291C,YBL058W
YLR291C,YBR080C
YLR291C,YBR166C
YLR291C,YBR233W
YLR291C,YBR252W
YLR291C,YCL028W
YLR291C,YCR020C
YLR291C,YCR086W
YLR291C,YDL144C
YLR291C,YDR032C
YLR291C,YDR051C
YLR291C,YDR256C
YLR291C,YDR428C
YLR291C,YDR520C
YLR291C,YEL012W
YLR291C,YER023W
YLR291C,YER086W
YLR291C,YER125W
YLR291C,YER144C
YLR291C,YFL010C
YLR291C,YFL039C
YLR291C,YGL115W
YLR291C,YGL153W
YLR291C,YGL175C
YLR291C,YGL252C
YLR291C,YGR024C
YLR291C,YGR083C
YLR291C,YGR088W
YLR291C,YGR144W
YLR291C,YGR267C
YLR291C,YHL009C
YLR291C,YHL018W
YLR291C,YHR111W
YLR291C,YHR112C
YLR291C,YHR113W
YLR291C,YIL074C
YLR291C,YIR035C
YLR291C,YJL199C
YLR291C,YJL218W
YLR291C,YJR010W
YLR291C,YJR057W
YLR291C,YKL025C
YLR291C,YKR026C
YLR291C,YLL001W
YLR291C,YLL057C
YLR291C,YLR011W
YLR291C,YLR245C
YLR291C,YLR258W
YLR291C,YLR291C
YLR291C,YLR321C
YLR291C,YLR377C
YLR291C,YLR386W
YLR291C,YLR438CA
YLR291C,YML042W
YLR291C,YML099C
YLR291C,YML106W
YLR291C,YMR004W
YLR291C,YMR032W
YLR291C,YMR095C
YLR291C,YNL025C
YLR291C,YNL044W
YLR291C,YNL307C
YLR291C,YNL314W
YLR291C,YNL333W
YLR291C,YNR012W
YLR291C,YOL083W
YLR291C,YOL130W
YLR291C,YOL143C
YLR291C,YOR042W
YLR291C,YOR095C
YLR291C,YOR111W
YLR291C,YOR192CA
YLR291C,YOR232W
YLR291C,YOR284W
YLR291C,YOR380W
YLR291C,YPL069C
YLR291C,YPL070W
YLR291C,YPL088W
YLR291C,YPL124W
YLR291C,YPR062W
YLR291C,YPR105C
YMR314W,YHL009C
YMR314W,YJR074W
YMR314W,YKL130C
YMR314W,YNL199C
YMR314W,YOR380W
YMR314W,YPR135W
YPL144W,YLR021W
YBL025W,YMR270C
YMR270C,YGL044C
YBL026W,YCR077C
YBL026W,YGR158C
YBL026W,YLR438CA
YCR077C,YDL139C
YCR077C,YDL175C
YCR077C,YJL124C
YGR158C,YDL111C
YLR438CA,YBR261C
YLR438CA,YDR378C
YLR438CA,YER112W
YLR438CA,YER146W
YLR438CA,YJL124C
YLR438CA,YJR022W
YLR438CA,YLR438CA
YLR438CA,YNL147W
YLR438CA,YOR159C
YBL033C,YBL033C
YBL033C,YNL105W
YBL033C,YPR172W
YBL035C,YNL102W
YNL102W,YPR135W
YBL037W,YFR043C
YBL037W,YJR058C
YFR043C,YPR029C
YJR058C,YGL175C
YBL039C,YJR103W
YJR103W,YJR103W
YBL042C,YER021W
YER021W,YPR108W
YBL043W,YBL101WA
YBL043W,YDR099W
YBL101WA,YFL002WA
YBL101WA,YJL162C
YDR099W,YDR017C
YDR099W,YKL168C
YDR099W,YLR177W
YDR099W,YNL042W
YDR099W,YPL267W
YBL045C,YPR191W
YPR191W,YPR105C
YBL046W,YNL201C
YNL201C,YFL056C
YNL201C,YOR047C
YNL201C,YOR355W
YNL201C,YPR115W
YBL047C,YGR241C
YGR241C,YGL181W
YGR241C,YIL095W
YGR241C,YLL017W
YGR241C,YNL020C
YGR241C,YPL077C
YBL051C,YIL151C
YBL051C,YKR096W
YIL151C,YLR121C
YBL056W,YDR071C
YDR071C,YBR125C
YBL057C,YMR276W
YMR276W,YDL190C
YMR276W,YFL010C
YBL058W,YDL190C
YBL058W,YFL044C
YBL058W,YNL155W
YDL190C,YBR170C
YDL190C,YBR273C
YDL190C,YDL126C
YDL190C,YFL044C
YFL044C,YDL126C
YNL155W,YDL071C
YNL155W,YDL126C
YBL060W,YOR094W
YBL068W,YOL061W
YOL061W,YER099C
YBL077W,YBL077W
YBL078C,YHR171W
YBL078C,YNL223W
YBL078C,YNR007C
YBL078C,YOL083W
YHR171W,YER134C
YHR171W,YLL042C
YHR171W,YNR007C
YOL083W,YCR027C
YOL083W,YDR171W
YOL083W,YGL156W
YOL083W,YMR289W
YBL081W,YDL167C
YDL167C,YBR212W
YBL091C,YGR142W
YGR142W,YCL028W
YGR142W,YCR073C
YGR142W,YJR127C
YGR142W,YLR424W
YGR142W,YMR021C
YBL091CA,YML029W
YBL091CA,YPL094C
YML029W,YBR201W
YML029W,YDL072C
YML029W,YGL053W
YML029W,YGR038W
YML029W,YHL033C
YML029W,YJL134W
YML029W,YKL212W
YML029W,YLL014W
YML029W,YLL045C
YML029W,YML029W
YML029W,YOR288C
YPL094C,YBR162WA
YPL094C,YCL021WA
YPL094C,YDL212W
YPL094C,YDR284C
YPL094C,YDR431W
YPL094C,YGR130C
YPL094C,YHL003C
YPL094C,YHL031C
YPL094C,YHR123W
YPL094C,YHR211W
YPL094C,YJL183W
YPL094C,YJR075W
YPL094C,YJR118C
YPL094C,YKL063C
YPL094C,YLR268W
YPL094C,YMR298W
YPL094C,YOL003C
YPL094C,YPL094C
YPL094C,YPR037C
YBL093C,YML051W
YML051W,YCL028W
YML051W,YCR065W
YML051W,YDL005C
YML051W,YDL106C
YML051W,YDR123C
YML051W,YDR146C
YML051W,YDR273W
YML051W,YDR308C
YML051W,YDR383C
YML051W,YER130C
YML051W,YFL010C
YML051W,YGR075C
YML051W,YGR146C
YML051W,YHL012W
YML051W,YKL015W
YML051W,YKL135C
YML051W,YKL171W
YML051W,YLR206W
YML051W,YMR004W
YML051W,YMR223W
YML051W,YNR010W
YML051W,YOL067C
YML051W,YOL148C
YML051W,YOR197W
YML051W,YOR355W
YML051W,YOR359W
YML051W,YOR370C
YML051W,YPL047W
YBL101C,YNL225C
YNL225C,YOR129C
YFL002WA,YCL020W
YBL102W,YGR068C
YBL102W,YLR453C
YBL102W,YOR036W
YGR068C,YGL019W
YLR453C,YNL216W
YBL105C,YML109W
YML109W,YGL190C
YBR006W,YBR006W
YBR006W,YDR382W
YBR006W,YKL023W
YKL023W,YKR092C
YBR019C,YBR019C
YBR029C,YIR033W
YIR033W,YBR241C
YIR033W,YCR068W
YIR033W,YDR434W
YIR033W,YLR268W
YIR033W,YNL111C
YIR033W,YNR030W
YIR033W,YOL126C
YIR033W,YPL053C
YIR033W,YPR174C
YBR030W,YLR244C
YLR244C,YNR029C
YBR034C,YGR165W
YBR034C,YIL061C
YBR038W,YPR106W
YBR040W,YCL040W
YCL040W,YCL040W
YCL040W,YDR516C
YCL040W,YML099C
YBR041W,YDL153C
YDL153C,YBR281C
YDL153C,YNL280C
YBR052C,YDR032C
YDR032C,YBR261C
YDR032C,YCL032W
YDR032C,YCR004C
YDR032C,YDR032C
YBR055C,YLR446W
YBR055C,YPR082C
YLR446W,YLR211C
YPR082C,YJL187C
YBR056W,YFR007W
YBR057C,YCL055W
YBR057C,YDR206W
YBR057C,YER018C
YBR057C,YGL036W
YBR057C,YGL192W
YBR057C,YHL004W
YBR057C,YJL058C
YBR057C,YJL085W
YBR057C,YPL135W
YCL055W,YGL036W
YCL055W,YGL192W
YDR206W,YER027C
YDR206W,YJL030W
YDR206W,YOL149W
YDR206W,YOR047C
YER018C,YKL025C
YER018C,YMR117C
YHL004W,YBR103W
YHL004W,YOR284W
YHL004W,YPL255W
YJL058C,YDL057W
YJL058C,YER052C
YJL058C,YGR071C
YJL058C,YIR025W
YJL058C,YJL058C
YJL058C,YJL075C
YJL058C,YLR295C
YJL058C,YML098W
YPL135W,YDR229W
YPL135W,YOL082W
YBR059C,YBR059C
YBR059C,YER144C
YBR059C,YGL213C
YBR059C,YML014W
YER144C,YBR260C
YER144C,YCR086W
YER144C,YIL095W
YER144C,YMR032W
YGL213C,YGL187C
YGL213C,YML108W
YML014W,YGR233C
YBR072W,YBR072W
YBR072W,YBR261C
YBR072W,YML064C
YBR261C,YBR080C
YBR261C,YBR186W
YBR261C,YBR233W
YBR261C,YCL028W
YBR261C,YCR007C
YBR261C,YDR256C
YBR261C,YER086W
YBR261C,YFL059W
YBR261C,YGL037C
YBR261C,YGR088W
YBR261C,YGR267C
YBR261C,YHL018W
YBR261C,YHR074W
YBR261C,YHR111W
YBR261C,YHR112C
YBR261C,YHR113W
YBR261C,YIL074C
YBR261C,YJL151C
YBR261C,YJL199C
YBR261C,YJL218W
YBR261C,YKL151C
YBR261C,YLL001W
YBR261C,YLR098C
YBR261C,YLR245C
YBR261C,YML042W
YBR261C,YMR021C
YBR261C,YMR095C
YBR261C,YNL044W
YBR261C,YNL239W
YBR261C,YOL143C
YBR261C,YOR095C
YBR261C,YOR108W
YBR261C,YOR192CA
YBR261C,YOR284W
YBR261C,YPL069C
YBR261C,YPL088W
YML064C,YBR137W
YML064C,YBR176W
YML064C,YEL066W
YML064C,YGL040C
YML064C,YGL221C
YML064C,YHR025W
YML064C,YHR113W
YML064C,YJL199C
YML064C,YJL218W
YML064C,YKL035W
YML064C,YKL067W
YML064C,YLR328W
YML064C,YLR377C
YML064C,YNL044W
YML064C,YOR020C
YML064C,YOR284W
YML064C,YPL111W
YBR077C,YGR201C
YBR077C,YKR007W
YBR077C,YMR004W
YKR007W,YGR163W
YMR004W,YMR004W
YBR080C,YBR080C
YBR080C,YIL046W
YBR080C,YJL030W
YBR080C,YNL288W
YBR080C,YPL070W
YIL046W,YDR328C
YIL046W,YJR130C
YIL046W,YML082W
YJL030W,YDR214W
YJL030W,YER105C
YJL030W,YGL116W
YJL030W,YGL229C
YJL030W,YGR014W
YJL030W,YHR113W
YJL030W,YIL122W
YJL030W,YNL236W
YJL030W,YOL116W
YNL288W,YBR233W
YNL288W,YCL028W
YNL288W,YER022W
YNL288W,YHL018W
YNL288W,YLR245C
YNL288W,YNL091W
YNL288W,YOR095C
YNL288W,YOR284W
YPL070W,YBR111C
YPL070W,YBR176W
YPL070W,YCL028W
YPL070W,YDR256C
YPL070W,YER086W
YPL070W,YFL059W
YPL070W,YGL037C
YPL070W,YHL018W
YPL070W,YHR068W
YPL070W,YHR111W
YPL070W,YHR129C
YPL070W,YJL218W
YPL070W,YKL151C
YPL070W,YLR245C
YPL070W,YLR321C
YPL070W,YML035C
YPL070W,YML042W
YPL070W,YMR095C
YPL070W,YNL044W
YPL070W,YOL034W
YPL070W,YOR155C
YPL070W,YPL070W
YPL070W,YPL088W
YPL070W,YPR193C
YBR087W,YDR229W
YBR087W,YJR068W
YDR229W,YJR068W
YDR229W,YMR047C
YDR229W,YNL041C
YJR068W,YJL019W
YJR068W,YNL290W
YBR088C,YDR510W
YDR510W,YBR223C
YDR510W,YBR249C
YDR510W,YCL020W
YDR510W,YDL013W
YDR510W,YDL055C
YDR510W,YDL064W
YDR510W,YDL084W
YDR510W,YDL208W
YDR510W,YDR148C
YDR510W,YDR171W
YDR510W,YDR174W
YDR510W,YDR330W
YDR510W,YDR446W
YDR510W,YDR510W
YDR510W,YER047C
YDR510W,YFL039C
YDR510W,YFL045C
YDR510W,YGL026C
YDR510W,YGL250W
YDR510W,YHR134W
YDR510W,YHR193C
YDR510W,YJR076C
YDR510W,YKL032C
YDR510W,YKL043W
YDR510W,YKL211C
YDR510W,YLR263W
YDR510W,YLR295C
YDR510W,YLR328W
YDR510W,YLR335W
YDR510W,YML023C
YDR510W,YMR111C
YDR510W,YMR219W
YDR510W,YMR233W
YDR510W,YNL021W
YDR510W,YNL042W
YDR510W,YNL078W
YDR510W,YNL088W
YDR510W,YOL034W
YDR510W,YOR032C
YDR510W,YOR144C
YDR510W,YPL129W
YBR094W,YLR264W
YBR094W,YOL149W
YLR264W,YDR315C
YLR264W,YEL015W
YLR264W,YOL149W
YOL149W,YDL160C
YOL149W,YEL015W
YOL149W,YGR218W
YOL149W,YMR047C
YOL149W,YNL118C
YOL149W,YOR167C
YOL149W,YPL204W
YBR103W,YGR262C
YBR103W,YIL112W
YBR103W,YJR141W
YBR103W,YMR061W
YBR103W,YPL173W
YJR141W,YER143W
YJR141W,YLR447C
YMR061W,YGL044C
YBR107C,YDR421W
YBR107C,YGL071W
YBR107C,YHR113W
YGL071W,YGR211W
YGL071W,YIR018W
YHR113W,YDR518W
YHR113W,YFL017WA
YHR113W,YHR113W
YHR113W,YLR021W
YHR113W,YMR308C
YHR113W,YNL153C
YHR113W,YNL222W
YHR113W,YOL082W
YHR113W,YPL129W
YHR113W,YPL201C
YBR108W,YCR009C
YBR108W,YDR388W
YBR108W,YGR136W
YCR009C,YDR388W
YCR009C,YER125W
YCR009C,YMR232W
YDR388W,YGL060W
YDR388W,YGL090W
YDR388W,YGL181W
YDR388W,YOR181W
YDR388W,YPL077C
YGR136W,YGR058W
YGR136W,YOR181W
YBR109C,YGL106W
YGL106W,YGL106W
YBR111C,YLR245C
YLR245C,YIL109C
YLR245C,YLR245C
YLR245C,YOL111C
YBR122C,YGR211W
YGR211W,YOR117W
YBR126C,YBR126C
YBR126C,YML100W
YBR126C,YMR261C
YBR130C,YBR130C
YBR131W,YGL124C
YGL124C,YKL025C
YGL124C,YNL286W
YBR133C,YDL154W
YBR133C,YGL187C
YDL154W,YFL003C
YDL154W,YGL025C
YDL154W,YGL170C
YDL154W,YIL144W
YDL154W,YMR224C
YGL187C,YDL066W
YGL187C,YML042W
YBR134W,YOR128C
YOR128C,YCR066W
YOR128C,YCR067C
YOR128C,YDR271C
YOR128C,YEL018W
YOR128C,YGL127C
YOR128C,YGL154C
YOR128C,YMR236W
YOR128C,YOR128C
YOR128C,YPR088C
YBR135W,YBR160W
YBR135W,YBR252W
YBR135W,YDL155W
YBR135W,YER102W
YBR135W,YGR108W
YBR135W,YPR119W
YBR252W,YBR252W
YDL155W,YPL124W
YER102W,YFL017C
YPR119W,YDR386W
YPR119W,YDR412W
YPR119W,YHR035W
YPR119W,YNL135C
YPR119W,YNR022C
YBR137W,YBR137W
YBR137W,YMR047C
YMR047C,YDL065C
YMR047C,YDR423C
YMR047C,YER107C
YMR047C,YGL170C
YMR047C,YGR099W
YMR047C,YGR218W
YMR047C,YJL061W
YMR047C,YJR134C
YMR047C,YKL068W
YMR047C,YKL143W
YMR047C,YML007W
YMR047C,YNL078W
YMR047C,YOR112W
YMR047C,YOR289W
YBR141C,YDR372C
YBR141C,YGL091C
YBR150C,YOL089C
YBR152W,YGR075C
YGR075C,YDL098C
YBR153W,YBR153W
YBR154C,YFL023W
YFL023W,YLR200W
YBR156C,YPL209C
YBR166C,YBR166C
YBR170C,YDL126C
YBR170C,YGR048W
YDL126C,YGL108C
YDL126C,YMR067C
YGR048W,YPL222W
YBR176W,YBR176W
YBR176W,YLR347C
YLR347C,YKL067W
YLR347C,YLR377C
YLR347C,YPL124W
YBR182C,YER125W
YER125W,YDR296W
YER125W,YGR268C
YER125W,YHR131C
YER125W,YLR167W
YER125W,YLR392C
YER125W,YMR257C
YER125W,YMR275C
YER125W,YMR316W
YER125W,YOR322C
YER125W,YOR385W
YBR186W,YLR032W
YBR187W,YNR032W
YNR032W,YPR040W
YBR188C,YLR117C
YLR117C,YBR190W
YLR117C,YBR244W
YBR193C,YER022W
YBR193C,YGL127C
YBR193C,YGR104C
YBR193C,YLR295C
YER022W,YCR082W
YER022W,YHR058C
YER022W,YKL117W
YER022W,YML007W
YGL127C,YDR084C
YGL127C,YDR308C
YGL127C,YDR408C
YGL127C,YOL135C
YGL127C,YOR047C
YGL127C,YPR168W
YLR295C,YDL118W
YLR295C,YDR455C
YLR295C,YJR083C
YLR295C,YOL050C
YBR194W,YMR070W
YBR194W,YPR152C
YMR070W,YDR107C
YMR070W,YGL144C
YMR070W,YGR263C
YMR070W,YGR286C
YMR070W,YJL127WA
YMR070W,YOL109W
YPR152C,YCR063W
YPR152C,YLL036C
YBR195C,YLR017W
YBR195C,YPR018W
YLR017W,YPR017C
YBR196C,YGL229C
YGL229C,YJL178C
YGL229C,YJL211C
YGL229C,YOR062C
YGL229C,YPR040W
YBR198C,YGL112C
YGL112C,YMR236W
YGL112C,YMR255W
YGL112C,YOR220W
YBR205W,YPR107C
YPR107C,YJR093C
YBR212W,YPL184C
YBR216C,YML007W
YML007W,YGR218W
YMR159C,YLR288C
YMR159C,YMR159C
YMR159C,YPL149W
YPL149W,YGL115W
YPL149W,YIL033C
YPL149W,YLR098C
YBR221C,YKL117W
YKL117W,YCR060W
YKL117W,YGR123C
YKL117W,YLR157C
YKL117W,YPL240C
YBR222C,YDL006W
YDL006W,YDR162C
YBR228W,YLR135W
YBR233W,YBR233W
YBR233W,YDR116C
YBR233W,YGL122C
YBR233W,YIL079C
YBR233W,YKL074C
YBR233W,YMR294WA
YBR233W,YNL075W
YGL122C,YDL084W
YGL122C,YDR505C
YGL122C,YGL122C
YGL122C,YIL079C
YGL122C,YIL092W
YGL122C,YKR026C
YGL122C,YLR177W
YGL122C,YLR206W
YGL122C,YMR255W
YGL122C,YNL016W
YGL122C,YOL123W
YBR234C,YDL029W
YBR234C,YDR063W
YDR063W,YDR124W
YBR237W,YDR073W
YDR073W,YML068W
YBR239C,YPL133C
YPL133C,YDR313C
YBR242W,YBR242W
YBR244W,YCR086W
YCR086W,YCR083W
YCR086W,YCR086W
YCR086W,YDL089W
YCR086W,YDR061W
YCR086W,YDR439W
YCR086W,YER086W
YCR086W,YER106W
YCR086W,YGL175C
YCR086W,YGR155W
YCR086W,YIL152W
YCR086W,YJL110C
YCR086W,YKR010C
YCR086W,YKR068C
YCR086W,YNL311C
YCR086W,YOL020W
YCR086W,YOR264W
YCR086W,YOR281C
YBR246W,YDR520C
YDR520C,YDR520C
YDR520C,YGR261C
YDR520C,YJL110C
YDR520C,YJR046W
YDR520C,YOL116W
YBR247C,YKL159C
YKL159C,YKL019W
YBR253W,YMR112C
YBR254C,YDR472W
YBR254C,YKR068C
YDR472W,YKR068C
YKR068C,YLR328W
YKR068C,YOR115C
YBR255W,YIL106W
YIL106W,YGR092W
YIL106W,YNL161W
YBR260C,YDR239C
YBR260C,YGR196C
YBR260C,YMR032W
YMR032W,YDL117W
YMR032W,YLR119W
YMR032W,YNL152W
YCL028W,YCL028W
YCL028W,YCR060W
YCL028W,YHR034C
YCL028W,YKL040C
YCL028W,YOL111C
YCL028W,YOL123W
YCL028W,YOR007C
YCR007C,YDL120W
YCR007C,YDL164C
YCR007C,YKR066C
YCR007C,YMR079W
YDR256C,YDR256C
YDR256C,YGL153W
YDR256C,YMR033W
YER086W,YER086W
YER086W,YMR308C
YER086W,YOR160W
YFL059W,YFL059W
YFL059W,YFL060C
YFL059W,YMR095C
YFL059W,YMR096W
YFL059W,YMR322C
YFL059W,YNL333W
YFL059W,YNL334C
YGL037C,YGL037C
YGR267C,YGR267C
YGR267C,YLR132C
YGR267C,YMR308C
YGR267C,YPL251W
YHL018W,YDL125C
YHL018W,YGR294W
YHL018W,YHL018W
YHL018W,YMR111C
YHL018W,YNL113W
YHL018W,YOL054W
YHR074W,YHR074W
YHR111W,YHR111W
YHR111W,YIL008W
YHR111W,YML110C
YHR112C,YGR024C
YHR112C,YHR112C
YIL074C,YIL074C
YIL074C,YNL311C
YJL151C,YDL226C
YJL151C,YML097C
YJL151C,YMR079W
YJL151C,YNL204C
YJL199C,YJL199C
YJL218W,YDR132C
YJL218W,YJL218W
YJL218W,YJR121W
YLL001W,YIL153W
YLL001W,YLL001W
YLR098C,YDL057W
YLR098C,YDL076C
YLR098C,YER015W
YLR098C,YJL090C
YLR098C,YOL034W
YLR098C,YPR049C
YML042W,YDR244W
YML042W,YER056CA
YML042W,YML042W
YMR021C,YJR039W
YMR021C,YMR021C
YMR021C,YOR111W
YMR095C,YDR142C
YMR095C,YFL060C
YMR095C,YHR134W
YMR095C,YMR096W
YMR095C,YNL333W
YMR095C,YNL334C
YNL044W,YDL164C
YNL044W,YDR244W
YNL044W,YGL153W
YNL044W,YGR177C
YNL044W,YHR105W
YNL044W,YLR026C
YNL044W,YNL044W
YOL143C,YKR104W
YOL143C,YLL062C
YOL143C,YOL143C
YOR095C,YOR095C
YOR095C,YOR160W
YOR108W,YNL104C
YOR108W,YOR108W
YOR192CA,YMR001C
YOR192CA,YOR192CA
YOR284W,YCR088W
YOR284W,YDR212W
YOR284W,YGR261C
YOR284W,YLR227C
YOR284W,YMR309C
YOR284W,YNL286W
YOR284W,YOL034W
YOR284W,YOR284W
YPL088W,YMR308C
YPL088W,YNL098C
YPL088W,YOR160W
YPL088W,YOR226C
YPL088W,YPL088W
YPL088W,YPL125W
YBR264C,YOR370C
YOR370C,YFL038C
YOR370C,YKR014C
YOR370C,YLR262C
YOR370C,YNL093W
YOR370C,YPR176C
YBR270C,YDR259C
YBR270C,YER093C
YBR270C,YIL105C
YBR270C,YKR026C
YBR270C,YMR236W
YBR270C,YNL047C
YBR270C,YPL124W
YBR270C,YPL255W
YDR259C,YDR311W
YDR259C,YGL181W
YDR259C,YGR066C
YDR259C,YIL153W
YDR259C,YKL071W
YDR259C,YLR447C
YDR259C,YNL092W
YIL105C,YDR326C
YIL105C,YER179W
YIL105C,YIL105C
YIL105C,YKL130C
YIL105C,YMR068W
YIL105C,YNL047C
YIL105C,YPL059W
YKR026C,YKR026C
YKR026C,YLR432W
YKR026C,YMR267W
YKR026C,YMR269W
YMR236W,YGR119C
YNL047C,YGR058W
YNL047C,YLR433C
YNL047C,YML057W
YNL047C,YMR068W
YNL047C,YMR309C
YNL047C,YPL059W
YPL124W,YDL203C
YPL124W,YHR166C
YPL124W,YPL124W
YPL255W,YEL062W
YBR274W,YLR258W
YBR274W,YMR255W
YLR258W,YFR015C
YLR258W,YIL153W
YLR258W,YJL137C
YLR258W,YLR258W
YLR258W,YPL031C
YBR278W,YDR121W
YDR121W,YJL065C
YBR279W,YOR123C
YBR281C,YNL287W
YBR284W,YDL238C
YBR284W,YML035C
YML035C,YJL070C
YML035C,YLR465C
YML035C,YML035C
YBR288C,YGR261C
YGR261C,YNL199C
YGR261C,YOR380W
YBR289W,YPL129W
YCL010C,YDR176W
YCL019W,YDR261WA
YCL019W,YDR261WB
YDR261WA,YCL020W
YDR261WA,YDR261WA
YDR261WA,YDR261WB
YCR060W,YHR034C
YOL111C,YLR206W
YOL111C,YOR007C
YOR007C,YOR007C
YCL029C,YER016W
YER016W,YGL061C
YCL032W,YLR362W
YCL033C,YOL082W
YOL082W,YDR207C
YOL082W,YDR311W
YOL082W,YGL156W
YOL082W,YJL104W
YOL082W,YNL316C
YOL082W,YOL034W
YOL082W,YOR115C
YOL082W,YOR353C
YOL082W,YPL091W
YCL039W,YMR135C
YML099C,YGR099W
YML099C,YGR122W
YML099C,YJL090C
YML099C,YMR104C
YCL046W,YGL115W
YGL115W,YDR477W
YGL115W,YER027C
YGL115W,YGL208W
YGL115W,YNL153C
YCL054W,YNL154C
YNL154C,YCR011C
YNL154C,YDR264C
YNL154C,YER079W
YNL154C,YKL204W
YNL154C,YMR180C
YNL154C,YMR267W
YNL154C,YOR355W
YCL056C,YDL157C
YCL056C,YDR142C
YCL056C,YJL185C
YCL056C,YNL131W
YCL056C,YOR037W
YDR142C,YDL022W
YDR142C,YGL153W
YDR142C,YGR239C
YDR142C,YHR160C
YDR142C,YIL160C
YJL185C,YMR204C
YJL185C,YOR127W
YCL059C,YGL201C
YCL059C,YOR229W
YGL201C,YIL150C
YOR229W,YGR180C
YOR229W,YJL189W
YOR229W,YOR229W
YOR229W,YOR230W
YOR229W,YOR283W
YCL066W,YHR084W
YHR084W,YGR040W
YCR005C,YCR005C
YDL164C,YGL053W
YKR066C,YPL004C
YMR079W,YDL001W
YMR079W,YER118C
YMR079W,YGL053W
YMR079W,YHR076W
YCR020C,YCR020C
YCR020CA,YEL053C
YCR020CA,YIL119C
YCR020CA,YKL025C
YEL053C,YOR032C
YEL053C,YPR051W
YIL119C,YGR203W
YIL119C,YNL107W
YKL025C,YGL094C
YCR022C,YDL017W
YDL017W,YCR050C
YDL017W,YDL160C
YDL017W,YEL023C
YDL017W,YFR057W
YDL017W,YGR099W
YDL017W,YJL088W
YDL017W,YKL039W
YDL017W,YNR048W
YDL017W,YOR006C
YCR023C,YMR075CA
YCR024C,YNL243W
YNL243W,YPL266W
YCR035C,YHR114W
YHR114W,YDL134C
YHR114W,YDL217C
YHR114W,YDR422C
YHR114W,YDR529C
YHR114W,YER096W
YHR114W,YFL018C
YHR114W,YGL189C
YHR114W,YGR110W
YHR114W,YIL132C
YHR114W,YJL086C
YHR114W,YJL180C
YHR114W,YJL203W
YHR114W,YLR112W
YHR114W,YNL092W
YHR114W,YOL018C
YHR114W,YOR059C
YCR036W,YGL153W
YGL153W,YDL139C
YGL153W,YDR036C
YGL153W,YDR195W
YGL153W,YDR373W
YGL153W,YER056CA
YGL153W,YGL153W
YGL153W,YIR034C
YGL153W,YMR267W
YGL153W,YNL086W
YGL153W,YOL105C
YGL153W,YOL145C
YGL153W,YOR180C
YGL153W,YPR105C
YCR045C,YOR348C
YOR348C,YJL084C
YOR348C,YLR294C
YOR348C,YMR228W
YCR051W,YER184C
YER184C,YER184C
YCR052W,YFR037C
YCR052W,YOR232W
YFR037C,YML127W
YFR037C,YMR091C
YCR057C,YGR154C
YCR059C,YDR400W
YCR059C,YJL160C
YCR063W,YDR408C
YCR063W,YOL135C
YOL135C,YDR308C
YOL135C,YFR008W
YOL135C,YKL019W
YCR066W,YGL058W
YGL058W,YLR024C
YCR068W,YNL111C
YNL111C,YDR284C
YNL111C,YNL111C
YCR073C,YLR006C
YLR006C,YDL235C
YJL124C,YER146W
YJL124C,YOR375C
YCR082W,YOR023C
YDL089W,YDL089W
YDL089W,YDR233C
YDL089W,YLR324W
YDL089W,YML008C
YDL089W,YMR316CB
YDL089W,YPR028W
YGL175C,YGL175C
YGL175C,YLR442C
YIL152W,YDR078C
YJL110C,YGR099W
YJL110C,YLR424W
YJL110C,YNL021W
YNL311C,YKL001C
YOR264W,YGR058W
YCR087CA,YKR092C
YKR092C,YDR174W
YCR093W,YDR376W
YDR376W,YIR024C
YCR095C,YNL099C
YNL099C,YNL032W
YNL099C,YNL056W
YCR105W,YCR105W
YHR130C,YJR091C
YJL006C,YML112W
YPR046W,YFR008W
YPR046W,YJR135C
YDL001W,YDL133W
YDL002C,YER092W
YDL002C,YGL150C
YDL002C,YLR052W
YER092W,YLR052W
YGL150C,YOR355W
YLR052W,YGL220W
YDL005C,YHR167W
YHR167W,YJL011C
YHR167W,YML062C
YHR167W,YNL041C
YDL011C,YEL023C
YDL012C,YDR151C
YDL012C,YFR047C
YDL012C,YHR032W
YDL012C,YHR140W
YDL012C,YIL172C
YDL012C,YJL065C
YDL012C,YOR355W
YFR047C,YFR047C
YFR047C,YLL046C
YJL065C,YNR029C
YOR355W,YDR207C
YOR355W,YHL046C
YOR355W,YLR305C
YOR355W,YNL091W
YOR355W,YNL236W
YOR355W,YPR048W
YDL013W,YER116C
YDL013W,YJR091C
YDL013W,YMR111C
YJR091C,YDL147W
YJR091C,YDR008C
YJR091C,YDR203W
YJR091C,YDR389W
YJR091C,YEL013W
YJR091C,YFR036W
YJR091C,YHR026W
YJR091C,YHR057C
YJR091C,YKL002W
YJR091C,YKL076C
YJR091C,YKL113C
YJR091C,YKR037C
YJR091C,YLR059C
YJR091C,YLR156W
YJR091C,YLR392C
YJR091C,YLR420W
YJR091C,YML015C
YJR091C,YMR067C
YJR091C,YNR048W
YJR091C,YOR014W
YJR091C,YOR265W
YJR091C,YOR317W
YJR091C,YPL159C
YMR111C,YGL250W
YMR111C,YHL039W
YMR111C,YJR046W
YMR111C,YMR111C
YDL015C,YOR324C
YOR324C,YPR153W
YDL160C,YEL015W
YDL160C,YGR178C
YGR099W,YDR353W
YGR099W,YKL033W
YGR099W,YKL068W
YGR099W,YPL235W
YDL025C,YPL260W
YPL260W,YIL144W
YDL030W,YDR026C
YDR026C,YDR110W
YDL031W,YPL004C
YPL004C,YER126C
YPL004C,YGR027C
YPL004C,YGR086C
YPL004C,YIL018W
YPL004C,YIL069C
YPL004C,YJL083W
YPL004C,YKL142W
YPL004C,YLR219W
YPL004C,YLR333C
YPL004C,YPL164C
YDL044C,YLR386W
YLR386W,YDR296W
YLR386W,YGR061C
YLR386W,YJL001W
YLR386W,YJL090C
YLR386W,YJR021C
YLR386W,YLR215C
YLR386W,YLR386W
YLR386W,YML092C
YLR386W,YNL041C
YLR386W,YPL268W
YDL045C,YGR077C
YDL053C,YGR178C
YGR178C,YGL181W
YGR178C,YGR218W
YGR178C,YHR121W
YGR178C,YNR014W
YDL056W,YMR197C
YDL063C,YDR381W
YDL063C,YPL131W
YDL065C,YGR119C
YDL065C,YGR218W
YDL065C,YLR071C
YDL065C,YMR163C
YGR119C,YJL041W
YGR119C,YKL061W
YGR218W,YKL143W
YMR163C,YDR292C
YDL070W,YLR227C
YDL070W,YLR399C
YDL070W,YMR227C
YDL070W,YNR034W
YLR227C,YDR208W
YLR399C,YMR227C
YNR034W,YLR273C
YNR034W,YOR178C
YDL071C,YDR183W
YDL071C,YEL068C
YDL071C,YFL017C
YDL071C,YGR269W
YFL017C,YDR070C
YFL017C,YDR429C
YFL017C,YFL017C
YFL017C,YOL059W
YFL017C,YOR362C
YDL073W,YER118C
YER118C,YDL204W
YER118C,YDL226C
YER118C,YER118C
YDL081C,YGR209C
YDL081C,YLR340W
YDL081C,YPR086W
YGR209C,YDR353W
YGR209C,YKL069W
YLR340W,YDL130W
YPR086W,YMR193W
YDL084W,YDL084W
YDL084W,YER063W
YDL084W,YKL214C
YDL088C,YML031W
YDL088C,YMR153W
YML031W,YMR153W
YMR153W,YER105C
YMR153W,YFR002W
YMR153W,YJL039C
YMR153W,YJL057C
YMR153W,YLR324W
YMR153W,YML125C
YMR153W,YMR129W
YMR153W,YMR153W
YDR233C,YOR285W
YLR324W,YLR324W
YLR324W,YPR028W
YML008C,YML008C
YML008C,YOR097C
YMR316CB,YJR023C
YMR316CB,YLR424W
YMR316CB,YMR039C
YMR316CB,YPR149W
YPR028W,YGR004W
YDL090C,YKL019W
YDL090C,YMR139W
YKL019W,YGL155W
YKL019W,YOR380W
YMR139W,YJL189W
YMR139W,YJR094C
YMR139W,YMR121C
YMR139W,YNL078W
YMR139W,YOL059W
YDL092W,YKL122C
YDL097C,YEL009C
YEL009C,YHR145C
YEL009C,YPL038W
YHR128W,YNR012W
YHR128W,YPR185W
YKL154W,YDR292C
YML101C,YJR102C
YNL199C,YML043C
YNL199C,YPR048W
YOL018C,YGL095C
YOL126C,YOR347C
YOR164C,YEL043W
YOR164C,YPR105C
YDL101C,YPL269W
YDL105W,YOL034W
YOL034W,YER047C
YOL034W,YMR117C
YOL034W,YPR105C
YDL108W,YGL134W
YDL108W,YNL025C
YGL134W,YPL031C
YNL025C,YPL031C
YDL110C,YKL015W
YDL110C,YOR078W
YKL015W,YGR057C
YKL015W,YJL011C
YOR078W,YDR315C
YDL113C,YJL036W
YJL036W,YDR425W
YDL116W,YDR113C
YDL116W,YKR082W
YDR113C,YGR098C
YDL127W,YDR146C
YDR146C,YDR335W
YDL130W,YKL002W
YDL130W,YLR287C
YKL002W,YDL165W
YKL002W,YFL034CB
YKL002W,YMR117C
YKL002W,YOR047C
YDL132W,YOL133W
YOL133W,YDR330W
YOL133W,YGL060W
YOL133W,YGR003W
YOL133W,YIL001W
YOL133W,YJL047C
YOL133W,YJL141C
YOL133W,YJL200C
YDL134C,YMR028W
YDL134C,YPR040W
YMR028W,YDL188C
YPR040W,YDL188C
YDL135C,YLR229C
YDL144C,YDL144C
YDL144C,YDR088C
YDL146W,YKL070W
YDL149W,YLR065C
YDL150W,YKR025W
YGL025C,YOL130W
YIL144W,YDR201W
YIL144W,YGR014W
YIL144W,YGR113W
YIL144W,YOL069W
YIL144W,YPL174C
YMR224C,YNL023C
YEL015W,YEL015W
YEL015W,YER105C
YEL015W,YNL118C
YEL015W,YOR167C
YDL161W,YOR111W
YOR111W,YFR008W
YOR111W,YJR039W
YOR111W,YJR125C
YOR111W,YOR111W
YGL053W,YGR177C
YGL053W,YOR059C
YGL053W,YPR174C
YDL165W,YGR014W
YGR014W,YPL211W
YDL166C,YER047C
YDL166C,YNL329C
YER047C,YGR086C
YER047C,YKL032C
YNL329C,YKL197C
YDL189W,YIL122W
YDL189W,YLR186W
YIL122W,YDR045C
YIL122W,YGL181W
YIL122W,YHR161C
YIL122W,YIL122W
YIL122W,YPL031C
YDL195W,YIL109C
YDL195W,YLR208W
YIL109C,YGR057C
YIL109C,YKL068W
YIL109C,YOL130W
YIL109C,YPR181C
YLR208W,YDR128W
YLR208W,YMR017W
YDL203C,YGR058W
YDL203C,YOR372C
YGR058W,YGR058W
YGR058W,YLR113W
YGR058W,YOR097C
YDL207W,YDR192C
YDL208W,YHR072WA
YDL208W,YLR175W
YDL208W,YNL124W
YHR072WA,YNL124W
YHR072WA,YPL208W
YLR175W,YNL124W
YNL124W,YGL181W
YNL124W,YIL104C
YNL124W,YNL124W
YDL209C,YLL036C
YLL036C,YDR364C
YLL036C,YLR132C
YDL210W,YGL230C
YGL230C,YKL110C
YGL230C,YOR161C
YDL212W,YDR508C
YDL215C,YLR432W
YDL215C,YPR048W
YLR432W,YDR167W
YLR432W,YDR469W
YLR432W,YLR432W
YLR432W,YML056C
YPR048W,YKR071C
YPR048W,YPR070W
YDL216C,YMR025W
YMR025W,YDR179C
YDL218W,YGL044C
YDL220C,YDR082W
YDR082W,YLR010C
YDL224C,YER059W
YER059W,YJL084C
YER059W,YLR190W
YER059W,YPL031C
YDL226C,YGL198W
YDL226C,YGR172C
YDL226C,YKR088C
YDL226C,YOR327C
YDL226C,YPR183W
YGL198W,YDR084C
YGL198W,YDR425W
YGL198W,YGL161C
YGL198W,YPL095C
YGR172C,YPL095C
YOR327C,YGR247W
YPR183W,YOR285W
YDL236W,YDL236W
YDL237W,YPR148C
YDR148C,YFR049W
YDR148C,YKL010C
YDR148C,YNL092W
YDR273W,YFR052W
YGR268C,YDR330W
YGR268C,YFR024CA
YGR268C,YGR268C
YGR268C,YLR206W
YGR268C,YOR042W
YGR268C,YOR124C
YGR268C,YOR138C
YHR184W,YHR184W
YLR072W,YGR017W
YLR072W,YJL090C
YLR072W,YLR173W
YNR012W,YDR020C
YNR012W,YKL071W
YNR012W,YNR012W
YNR012W,YPL031C
YOR304CA,YFL039C
YOR304CA,YNL041C
YOR304CA,YNL314W
YOR380W,YMR308C
YOR380W,YOR380W
YOR380W,YPL031C
YDL246C,YDL246C
YDL246C,YJR159W
YDR001C,YLR270W
YDR004W,YDR076W
YDR076W,YER095W
YDR013W,YPR135W
YDR016C,YDR320CA
YDR016C,YGL061C
YDR016C,YGR113W
YDR016C,YKR037C
YDR320CA,YKR083C
YGL061C,YGR113W
YGL061C,YKR037C
YGR113W,YDR034C
YGR113W,YGL079W
YGR113W,YKR037C
YGR113W,YLR424W
YKR037C,YDR201W
YDR020C,YDR020C
YDR027C,YFL029C
YFL029C,YPR054W
YDR034C,YER043C
YER043C,YFL028C
YDR036C,YKL142W
YDR036C,YLR397C
YKL142W,YDR115W
YKL142W,YER182W
YKL142W,YGR086C
YKL142W,YKL142W
YKL142W,YKL157W
YKL142W,YMR165C
YKL142W,YMR210W
YKL142W,YMR243C
YKL142W,YNL063W
YKL142W,YNL210W
YKL142W,YOL059W
YLR397C,YGR203W
YDR044W,YDR044W
YDR044W,YDR077W
YDR047W,YDR047W
YDR051C,YDR051C
YDR054C,YNL236W
YNL236W,YFR033C
YNL236W,YGL238W
YNL236W,YGR046W
YNL236W,YGR117C
YNL236W,YJR034W
YNL236W,YKL012W
YDR059C,YPR093C
YPR093C,YDR177W
YPR093C,YNL135C
YER095W,YER095W
YER095W,YPL204W
YDR078C,YHL006C
YHL006C,YLR046C
YHL006C,YLR376C
YHL006C,YNL021W
YDR084C,YGL161C
YGL161C,YDR425W
YDR086C,YPR071W
YPR071W,YDR284C
YPR071W,YPL176C
YPR071W,YPR071W
YDR091C,YLR192C
YDR092W,YGL087C
YKL168C,YER177W
YLR177W,YER177W
YNL042W,YOR014W
YGR177C,YML011C
YGR223C,YOR089C
YLR108C,YLR108C
YMR024W,YGR125W
YPL100W,YJL100W
YPR174C,YER026C
YPR174C,YJL019W
YPR174C,YMR001C
YDR106W,YHR129C
YHR129C,YDR488C
YHR129C,YHR129C
YHR129C,YJR008W
YHR129C,YMR294W
YHR129C,YPL174C
YDR108W,YGR234W
YDR123C,YOL108C
YOL108C,YKL017C
YOL108C,YKL135C
YOL108C,YMR317W
YOL108C,YNL279W
YDR132C,YDR132C
YDR132C,YFL009W
YDR132C,YHL009C
YDR132C,YHR170W
YDR132C,YJR102C
YDR132C,YPL018W
YFL009W,YDR328C
YFL009W,YFL009W
YJR102C,YLR417W
YJR102C,YMR077C
YJR102C,YPL002C
YJR102C,YPL065W
YDR138W,YKL171W
YKL171W,YFL047W
YKL171W,YGR203W
YNR046W,YLR321C
YGR239C,YMR267W
YHR160C,YIL160C
YDR145W,YLR390W
YDR335W,YLR293C
YFR049W,YOR047C
YNL092W,YJR093C
YNL092W,YJR097W
YNL092W,YML037C
YNL092W,YOR329C
YDR167W,YML015C
YDR167W,YML114C
YML015C,YDR174W
YML015C,YML098W
YML015C,YMR077C
YDR171W,YDR171W
YDR173C,YMR042W
YDR173C,YMR043W
YDR174W,YDR174W
YDR174W,YIL013C
YDR174W,YPR104C
YDR179C,YKR060W
YDR189W,YLR026C
YDR190C,YPL235W
YDR200C,YMR052W
YMR052W,YFR008W
YMR052W,YLR200W
YDR201W,YKR083C
YKR083C,YKL052C
YDR205W,YNR039C
YER027C,YDR477W
YOR047C,YKL038W
YOR047C,YLR305C
YOR047C,YLR447C
YOR047C,YMR280C
YOR047C,YOR302W
YOR047C,YPR103W
YDR212W,YLR030W
YDR214W,YMR186W
YDR214W,YOL052C
YDR214W,YPL240C
YDR215C,YKR024C
YDR215C,YPL175W
YDR218C,YJR076C
YJR076C,YHR107C
YJR076C,YLL019C
YNL041C,YFL038C
YNL041C,YLR262C
YNL041C,YML071C
YNL041C,YNR011C
YDR236C,YDR398W
YDR398W,YMR093W
YDR242W,YDR242W
YDR244W,YER056CA
YDR245W,YJL183W
YJL183W,YHL003C
YJL183W,YHR036W
YDR252W,YGR134W
YGR134W,YJR011C
YDR255C,YKL144C
YDR311W,YKL028W
YDR311W,YLR288C
YDR311W,YMR294W
YGL181W,YFR024CA
YGL181W,YHR161C
YGL181W,YHR177W
YGL181W,YMR182C
YGL181W,YPL013C
YIL153W,YNL021W
YIL153W,YNL314W
YKL071W,YPL157W
YLR447C,YDR277C
YLR447C,YHR060W
YLR447C,YOR028C
YLR447C,YOR332W
YDR264C,YHR135C
YDR264C,YOR101W
YOR101W,YML028W
YDR267C,YHR122W
YHR122W,YIL128W
YFR052W,YJR133W
YDR279W,YLR154C
YDR284C,YDR284C
YDR299W,YER127W
YDR300C,YDR300C
YKL028W,YKR062W
YLR288C,YKL044W
YLR288C,YKL107W
YLR288C,YLR125W
YLR288C,YOR368W
YMR294W,YLL049W
YMR294W,YOL069W
YMR294W,YPL174C
YMR294W,YPR083W
YDR312W,YPR143W
YPR143W,YHR066W
YDR314C,YML011C
YDR315C,YJR117W
YDR315C,YLR323C
YDR321W,YDR321W
YDR323C,YGL095C
YDR326C,YER007CA
YDR328C,YLR352W
YDR328C,YLR368W
YDR328C,YLR429W
YDR328C,YML088W
YDR328C,YMR258C
YLR368W,YJR011C
YMR258C,YKR014C
YDR330W,YKR094C
YLR293C,YGL238W
YLR293C,YJR074W
YLR293C,YMR308C
YLR293C,YOR160W
YLR293C,YPL125W
YDR348C,YMR295C
YDR353W,YHR106W
YDR357C,YGL079W
YDR357C,YPR182W
YGL079W,YEL005C
YPR182W,YLR275W
YPR182W,YOL106W
YPR182W,YOR159C
YHR022C,YOR032C
YJR056C,YJR056C
YPL125W,YDR502C
YPL125W,YJL138C
YPL125W,YKR059W
YPL125W,YOR185C
YPL125W,YPR160W
YPL208W,YLR120WA
YDR363WA,YJR084W
YDR366C,YER071C
YER071C,YIR003W
YER071C,YLR200W
YDR373W,YNL267W
YDR378C,YER146W
YER146W,YNL147W
YDR383C,YLR315W
YLR315W,YGR179C
YLR315W,YPR105C
YDR386W,YNL024C
YGL090W,YLR424W
YGL090W,YNL113W
YGL090W,YOR005C
YPL077C,YHR161C
YDR394W,YGR232W
YDR394W,YOR117W
YGR232W,YGL004C
YOR117W,YIL007C
YOR117W,YJL184W
YDR397C,YDR397C
YDR397C,YER159C
YDR399W,YDR399W
YJL019W,YDR476C
YJL019W,YDR498C
YJL019W,YFR027W
YJL019W,YIL085C
YJL019W,YJL019W
YJL019W,YMR001C
YJL019W,YNL029C
YJL019W,YOL012C
YJL019W,YOR288C
YGR195W,YOL021C
YDR418W,YDR465C
YDR465C,YEL054C
YDR423C,YEL051W
YDR424C,YDR488C
YDR488C,YPL174C
YDR425W,YJR110W
YDR429C,YMR146C
YDR429C,YOR361C
YDR429C,YPL105C
YMR146C,YPL105C
YDR441C,YML022W
YJL011C,YGL096W
YJR003C,YPR173C
YLR424W,YGR029W
YLR424W,YLR385C
YLR424W,YOR158W
YPR173C,YER128W
YPR173C,YLR025W
YPR173C,YLR181C
YPR173C,YOR275C
YDR453C,YIL039W
YDR453C,YML028W
YML028W,YML028W
YDR460W,YPR025C
YDR469W,YHR060W
YDR469W,YLR015W
YHR060W,YGR020C
YHR060W,YPL019C
YHR060W,YPR105C
YDR476C,YHR211W
YDR477W,YGL208W
YGR149W,YNL181W
YGR040W,YEL048C
YKL189W,YHR102W
YKL189W,YOR353C
YDR482C,YGL028C
YDR482C,YOR276W
YOR276W,YOL139C
YDR486C,YLR181C
YLR181C,YER128W
YPL174C,YJL184W
YDR490C,YGR086C
YDR490C,YHR207C
YDR490C,YIR044C
YDR490C,YLR466W
YGR086C,YGR027C
YDR502C,YDR502C
YDR502C,YLR180W
YLR180W,YLR180W
YDR503C,YKL130C
YKL130C,YJL048C
YKL130C,YKL130C
YKL130C,YNL023C
YKL130C,YPR020W
YDR504C,YJL070C
YFL039C,YFL039C
YFL039C,YGL015C
YFL039C,YMR092C
YFL039C,YNL138W
YGL026C,YER180C
YGL250W,YLR082C
YGL250W,YLR442C
YGL250W,YMR068W
YGL250W,YOR028C
YHR134W,YGR213C
YHR193C,YLR146C
YHR193C,YPL037C
YKL211C,YER090W
YLR328W,YGR010W
YLR328W,YLR328W
YLR328W,YLR438W
YML023C,YER038C
YMR233W,YOL006C
YNL021W,YNL021W
YNL078W,YOL070C
YOL116W,YGR067C
YDR527W,YOR210W
YOR210W,YGL166W
YDR531W,YDR531W
YFR008W,YMR029C
YDR541C,YLR025W
YLR025W,YGR122W
YLR025W,YLR025W
YLR025W,YMR154C
YLR025W,YOR275C
YEL005C,YNL086W
YNL086W,YKL061W
YNL086W,YOL069W
YNL086W,YOL130W
YNL086W,YPR185W
YEL017W,YEL017W
YEL020C,YEL020C
YEL029C,YNR027W
YEL032W,YHR033W
YEL034W,YHR068W
YHR068W,YHR068W
YHR068W,YJR047C
YEL041W,YJR049C
YEL048C,YMR218C
YEL056W,YLL022C
YEL056W,YPL001W
YEL060C,YML032CA
YEL062W,YOR138C
YOR138C,YIR034C
YOR138C,YOR124C
YEL066W,YEL066W
YER009W,YER009W
YER010C,YER010C
YER015W,YER070W
YER023W,YER023W
YER023W,YPL169C
YER025W,YJR007W
YER025W,YLR215C
YLR215C,YHR115C
YLR215C,YNL116W
YER039C,YGL070C
YGL070C,YER180C
YER052C,YER052C
YER052C,YNL135C
YLR190W,YIL050W
YPL031C,YGR233C
YPL031C,YIL050W
YPL031C,YOL001W
YPL031C,YPL219W
YER062C,YPL201C
YPL201C,YIL053W
YLR200W,YML094W
YMR308C,YOR185C
YOR160W,YOR185C
YLR404W,YJR023C
YLR404W,YOR301W
YER090W,YJR070C
YPL204W,YHR185C
YER099C,YKL181W
YER099C,YOL069W
YKL181W,YHL011C
YER126C,YHR204W
YHR204W,YGL030W
YER131W,YLL027W
YER131W,YLR435W
YLL027W,YGL189C
YLR435W,YGL189C
YLR435W,YGL214W
YER143W,YER143W
YIL095W,YHR161C
YIL095W,YLR206W
YER151C,YNR051C
YER179W,YER179W
YFL010C,YPR054W
YFL017WA,YOR159C
YFL024C,YHR090C
YFL034CB,YIR016W
YFL034CB,YOL036W
YIR016W,YNL161W
YFL037W,YOR265W
YGL015C,YLR319C
YMR092C,YLR102C
YFL042C,YGR017W
YGR017W,YLR403W
YFL060C,YMR096W
YFL060C,YNL333W
YMR096W,YMR096W
YMR096W,YMR322C
YMR096W,YNL333W
YMR096W,YNL334C
YMR322C,YMR322C
YMR322C,YNL333W
YMR322C,YOR391C
YMR322C,YPL280W
YNL333W,YNL333W
YNL333W,YNL334C
YFR002W,YML025C
YFR015C,YFR015C
YFR015C,YJL137C
YJL137C,YJL137C
YFR017C,YPR184W
YFR024CA,YKL068W
YFR024CA,YOR042W
YFR024CA,YPR171W
YFR034C,YFR034C
YFR042W,YPR159W
YPR029C,YHL019C
YPR029C,YKL135C
YPR029C,YLR170C
YGL004C,YGL048C
YGL013C,YGL013C
YGL024W,YOL130W
YGL040C,YGL040C
YNL113W,YPR110C
YGL092W,YKL057C
YKL057C,YGR161CC
YOR220W,YGL166W
YNL286W,YLR132C
YNL286W,YMR288W
YGL126W,YPL161C
YPL161C,YIL163C
YGL130W,YPL228W
YGL141W,YKR064W
YGL145W,YNL258C
YGL145W,YPR105C
YNL258C,YLR440C
YPR105C,YOR331C
YOL145C,YGR233C
YOR180C,YLR284C
YGL154C,YGL254W
YGL254W,YGR047C
YGL254W,YHR215W
YGL254W,YOR039W
YGL158W,YLR113W
YGL166W,YJL154C
YGL166W,YKR011C
YGL166W,YLL028W
YGL166W,YML006C
YGL174W,YIR005W
YLR442C,YJR052W
YGL180W,YPR185W
YPR185W,YGR253C
YPL013C,YGR185C
YGL190C,YLR373C
YGL221C,YGL221C
YGL223C,YML071C
YGL233W,YLR166C
YGL238W,YOR185C
YOR185C,YJR074W
YGL242C,YKR099W
YKR099W,YGR229C
YKR099W,YLR058C
YGL244W,YLR385C
YLR082C,YLR082C
YGL252C,YGL252C
YOR039W,YOR061W
YOR039W,YOR303W
YGR010W,YGR010W
YGR010W,YLR438W
YLR438W,YHL025W
YGR013W,YKL012W
YLR403W,YOR025W
YGR024C,YGR024C
YGR024C,YIL082W
YGR024C,YKL090W
YGR024C,YPL110C
YKL090W,YPL128C
YGR041W,YGR041W
YGR049W,YGR278W
YGR063C,YML095C
YGR074W,YKL183W
YKL183W,YNL104C
YGR097W,YGR097W
YKL033W,YJR136C
YKL033W,YPR085C
YGR101W,YHL021C
YJL041W,YJL061W
YKL061W,YNL122C
YOR353C,YHR102W
YGR130C,YGR233C
YGR233C,YPR049C
YJR011C,YNR069C
YGR144W,YGR144W
YGR144W,YIL051C
YGR180C,YOR230W
YGR188C,YOR026W
YGR203W,YNL314W
YNL314W,YNL314W
YGR205W,YMR315W
YKL069W,YKL069W
YKL143W,YNL178W
YPR049C,YLR089C
YGR240C,YGR240C
YGR240C,YMR205C
YGR250C,YIR001C
YGR250C,YPL178W
YPL178W,YMR125W
YOR124C,YKL192C
YOR124C,YMR048W
YHL002W,YNR005C
YHL002W,YNR006W
YHL003C,YKL008C
YHL003C,YMR298W
YHL003C,YOR223W
YKL008C,YMR298W
YLR376C,YIL132C
YLR376C,YMR168C
YHL019C,YKL135C
YKL135C,YPL259C
YHL027W,YJL056C
YHL042W,YOR127W
YHR005C,YOR212W
YOR212W,YJR086W
YHR009C,YOR359W
YHR014W,YHR185C
YHR185C,YIL007C
YHR185C,YMR016C
YLR243W,YJR072C
YLR243W,YOR258W
YHR025W,YHR025W
YHR030C,YPL140C
YHR091C,YOL088C
YOL088C,YLR312C
YHR098C,YJR048W
YHR098C,YPR181C
YPR181C,YNL049C
YIL132C,YLR321C
YIL132C,YLR322W
YHR115C,YOR215C
YHR137W,YHR137W
YHR156C,YJR010W
YJR010W,YJR010W
YHR166C,YLR451W
YHR169W,YKL075C
YKL075C,YNL091W
YHR187W,YMR312W
YLR146C,YPR069C
YIL011W,YMR201C
YIL026C,YPR068C
YIL033C,YIL033C
YIL033C,YJL164C
YIL033C,YKL166C
YIL033C,YPL203W
YIL045W,YOR178C
YIL062C,YKL013C
YIL075C,YLR421C
YIL103W,YKL191W
YIR032C,YIR032C
YIR035C,YIR035C
YIR036C,YIR036C
YIR037W,YLR216C
YMR001C,YJL187C
YJL031C,YPR176C
YJL057C,YMR129W
YJL064W,YNR029C
YJL068C,YJL068C
YJL069C,YLR409C
YJL103C,YLR377C
YJL103C,YOR379C
YLR377C,YLR377C
YJL121C,YJL121C
YJL125C,YNL062C
YJL145W,YLR266C
YJR009C,YML053C
YNR069C,YLL049W
YNR069C,YNR068C
YJR024C,YJR024C
YJR053W,YMR055C
YJR055W,YPL193W
YJR057W,YJR057W
YNL290W,YOL094C
YJR072C,YLR150W
YJR072C,YOR262W
YLR417W,YMR077C
YLR417W,YPL002C
YMR077C,YKL052C
YMR077C,YPL002C
YMR077C,YPL065W
YKL020C,YOR250C
YKL035W,YKL035W
YKL058W,YOR194C
YKL067W,YKL067W
YPL157W,YNR004W
YNL091W,YNL164C
YNL091W,YPL229W
YKL088W,YOR054C
YOR136W,YNL037C
YKL132C,YPR022C
YNL104C,YNL104C
YKL186C,YPL138C
YKL218C,YKL218C
YKR043C,YKR043C
YOR115C,YML077W
YKR072C,YML016C
YKR084C,YNL001W
YKR097W,YKR097W
YLL010C,YOR043W
YOR043W,YLR019W
YLL032C,YML119W
YLL057C,YLL057C
YLL060C,YLL060C
YLR011W,YLR011W
YLR014C,YLR014C
YLR070C,YLR070C
YLR125W,YMR030W
YLR182W,YOL131W
YLR212C,YNL126W
YLR222C,YNR041C
YLR223C,YLR455W
YLR223C,YOR247W
YLR238W,YPR110C
YLR254C,YOR269W
YOR269W,YOR269W
YML106W,YML106W
YPR062W,YPR062W
YLR330W,YOR299W
YLR359W,YLR359W
YLR405W,YPL108W
YOR020C,YOR020C
YPL111W,YPL111W
YML075C,YOR102W
YML079W,YML079W
YML121W,YML121W
YMR048W,YNL273W
YMR087W,YMR087W
YMR133W,YPL114W
YMR170C,YMR170C
YMR300C,YMR300C
YMR309C,YNL244C
YPL280W,YPL280W
YNL007C,YPR158W
YNL032W,YNL056W
YNL032W,YNL093W
YNL040W,YNL040W
YNL159C,YNL159C
YNL331C,YNL331C
YOR155C,YOR155C
YPL214C,YPL214C
YPR193C,YPR193C
YNL228W,YNL228W
YNL251C,YPL190C
YNL277W,YNL277W
YNR032CA,YOR308C
YNR064C,YNR064C
YOR034C,YOR171C
YOR069W,YOR132W
YOR162C,YOR162C
YOR202W,YOR202W
YPL003W,YPR066W
YPL192C,YPL192C
YPR118W,YPR118W
YPR158WA,YPR158WA
